kC,01,0,0
X,02,0,0
茧,03,0,0
{錧,04,0,0
Hc,05,0,0
R`,06,0,0
,07,0,0
錧,08,0,0
Ȗ،,09,0,0
Qn,10,0,0
ʌ,11,0,0
t,12,0,0
s,13,0,0
_ސ쌧,14,0,0
V,15,0,0
xR,16,0,0
ΐ쌧,17,0,0
䌧,18,0,0
R,19,0,0
쌧,20,0,0
򕌌,21,0,0
É,22,0,0
m,23,0,0
Od,24,0,0
ꌧ,25,0,0
s{,26,0,0
{,27,0,0
Ɍ,28,0,0
ޗǌ,29,0,0
a̎R,30,0,0
挧,31,0,0
,32,0,0
R,33,0,0
L,33,0,0
R,34,0,0
,35,0,0
쌧,36,0,0
Q,37,0,0
m,38,0,0
,39,0,0
ꌧ,40,0,0
茧,41,0,0
F{,42,0,0
啪,43,0,0
{茧,44,0,0
,45,0,0
ꌧ,47,0,0
Dys,01101,1,1
Dysk,01102,1,1
Dys,01103,1,1
Dys΋,01104,1,1
DysL,01105,1,1
Dys,01106,1,1
Dys,01107,1,1
Dysʋ,01108,1,1
Dys,01109,1,1
Dysc,01110,1,1
َs,01202,1,1
Ms,01203,1,1
s,01204,1,1
s,01205,1,1
Hs,01206,1,1
эLs,01207,1,1
ks,01208,1,1
[s,01209,1,1
〈s,01210,1,1
ԑs,01211,1,1
Gs,01212,1,1
Ϗqs,01213,1,1
ts,01214,1,1
Ss,01215,1,1
ʎs,01216,1,1
]ʎs,01217,1,1
ԕs,01218,1,1
ʎs,01219,1,1
mʎs,01220,1,1
s,01221,1,1
O}s,01222,1,1
s,01223,1,1
Ύs,01224,1,1
s,01225,1,1
s,01226,1,1
̎us,01227,1,1
[s,01228,1,1
xǖs,01229,1,1
oʎs,01230,1,1
bs,01231,1,1
ɒBs,01233,1,1
kLs,01234,1,1
Ύs,01235,1,1
ΎSʒ,01303,1,1
ΎSVÑ,01304,1,0
cSc,01305,1,0
lvSlv,01306,1,0
OSO,01331,1,0
OS,01332,1,1
Sm,01333,1,0
S،Ó,01334,1,1
S钬,01335,1,1
TcS쒬,01336,1,1
TcSђ,01337,1,1
TcSˈ䒬,01339,1,0
TcSbR,01340,1,0
TcS̖@ؑ,01341,1,0
S슝,01342,1,0
S,01343,1,0
S,01344,1,0
SX,01345,1,1
RS_,01346,1,1
RS,01347,1,1
wRS],01361,1,1
wRSm,01362,1,0
wRS򕔒,01363,1,0
uS,01364,1,0
uSFΒ,01365,1,0
vS听,01366,1,0
KSK,01367,1,0
ISI,01368,1,0
ISkwR,01369,1,1
IS,01370,1,1
qSq,01391,1,0
sSs,01392,1,0
sS,01393,1,0
JSz,01394,1,0
cSjZR,01395,1,0
cS^둺,01396,1,0
cSs,01397,1,0
cSΕʒ,01398,1,0
cSɒ,01399,1,0
cSm,01400,1,1
Sa,01401,1,1
S,01402,1,1
ÉFS,01403,1,0
ÉFS_b,01404,1,0
ϒOSϒO,01405,1,0
ÕSÕ,01406,1,1
]sSmؒ,01407,1,0
]sS]s,01408,1,1
]sSԈ쑺,01409,1,0
mSk,01421,1,0
mSI,01422,1,1
mSy,01423,1,0
mSވ],01424,1,1
mS㍻쒬,01425,1,0
[SRm,01427,1,0
[S,01428,1,1
[SIR,01429,1,1
ˌS`,01430,1,0
ˌSYP,01431,1,0
ˌSV\Ð쒬,01432,1,1
JSw,01433,1,0
JSʒ,01434,1,0
JSJ,01436,1,0
JSk,01437,1,0
JSc,01438,1,0
JSy,01439,1,0
S鐲,01452,1,1
S_y,01453,1,1
S,01454,1,0
Sz,01455,1,0
Sʒ,01456,1,0
S쒬,01457,1,1
S쒬,01458,1,0
Sl,01459,1,1
mSxǖ쒬,01460,1,1
mSxǖ쒬,01461,1,0
mSxǖ쒬,01462,1,0
ES芥,01463,1,0
Sa,01464,1,0
S,01465,1,0
S,01466,1,0
SA,01467,1,0
S쒬,01468,1,1
S[,01469,1,1
SЎq{,01470,1,0
S쒬,01471,1,0
ьSђ,01481,1,0
GS,01482,1,0
ϑOSϑO,01483,1,0
ϑOSHy,01484,1,1
ϑOSRʑ,01485,1,0
VSʒ,01486,1,0
VSV,01487,1,0
VSy,01488,1,0
@JS,01511,1,0
}KSlڕʒ,01512,1,1
}KSڕʒ,01513,1,0
}KS}K,01514,1,1
VS̓o,01515,1,0
VSLx,01516,1,0
當S當,01517,1,0
KSK,01518,1,0
KSKxm,01519,1,0
ԑSՑ,01541,1,0
ԑSʒ,01542,1,1
ԑSy,01543,1,1
ԑSÕʒ,01544,1,0
ΗSΗ,01545,1,1
ΗS,01546,1,0
ΗS,01547,1,0
CS[쒬,01548,1,0
CSPq{,01549,1,0
CSu˒,01550,1,0
CSA,01551,1,1
CSCԒ,01552,1,0
CSC,01553,1,0
ʌSc,01554,1,0
ʌSy,01555,1,1
ʌSېz,01556,1,0
ʌSꑺ,01557,1,0
ʌSNʒ,01558,1,0
ʌSNʒ,01559,1,0
ʌS㒬,01560,1,1
ʌS,01561,1,1
ʌS,01562,1,0
ʌSY,01563,1,1
֓cSLY,01571,1,0
֓cSc,01572,1,1
֓cSꑺ,01573,1,0
LSꑺ,01574,1,0
LSs˒,01575,1,1
VSV,01578,1,1
ES,01579,1,1
ESǕ,01580,1,0
ES^,01581,1,1
ES쒬,01582,1,1
ESʒ,01583,1,0
S,01601,1,0
S撬,01602,1,0
Sʒ,01603,1,1
VSV,01604,1,0
ÓSÓ,01605,1,1
OΌSOΒ,01606,1,0
Y͌SY͒,01607,1,1
lSl,01608,1,0
yS,01609,1,0
͓SX,01631,1,1
͓Smy,01632,1,0
͓Smy,01633,1,0
͓Sǒ,01634,1,0
͓SV,01635,1,1
͓S,01636,1,1
͐S莺,01637,1,1
͐SD,01638,1,0
͐SXʑ,01639,1,0
LSޑ,01640,1,0
LS,01641,1,1
LSL,01642,1,1
Sʒ,01643,1,1
Src,01644,1,1
SL,01645,1,0
S{ʒ,01646,1,1
S,01647,1,1
Sʒ,01648,1,0
\SYy,01649,1,1
HSH,01661,1,1
݌Sݒ,01662,1,1
݌Sl,01663,1,0
SW,01664,1,1
Sq,01665,1,1
S,01666,1,0
Sߋ,01667,1,0
fSf,01668,1,1
fSʒ,01669,1,0
tSʊC,01691,1,0
WÌSWÒ,01692,1,1
WÌSWÒ,01693,1,0
ڗSP,01694,1,0
FOSFO,01695,0,0
S,01696,0,0
𑨌Sʑ,01698,0,0
Xs,02201,1,1
OOs,02202,1,1
ˎs,02203,1,1
Ύs,02204,1,1
܏쌴s,02205,1,1
\acs,02206,1,1
Os,02207,1,1
ނs,02208,1,1
ÌyS,02301,1,1
ÌySIc,02302,1,1
ÌySʒ,02303,1,0
ÌySHc,02304,1,0
ÌySڑ,02305,1,0
ÌySOX,02306,1,0
ÌySP,02321,1,1
ÌySؑ,02322,1,1
ÌyS[Y,02323,1,0
ÌySXc,02324,1,1
ÌyS葺,02325,1,0
ÌyS,02326,1,1
ÌyS_,02327,1,0
ÌySԗ͑,02328,1,0
ÌySؒ,02341,1,1
ÌySn,02342,1,1
ÌySډ,02343,1,1
ÌyS蒬,02361,1,1
ÌySk,02362,1,1
ÌyS㒬,02363,1,1
ÌySQ,02364,1,1
ÌyS꒬,02365,1,1
ÌySՑ,02366,1,1
ÌyScɊّ,02367,1,1
ÌySP֑,02368,1,1
kÌyS,02381,1,1
kÌySؒ,02382,1,0
kÌyS,02383,1,0
kÌySߓc,02384,1,1
kÌySsY,02385,1,0
kÌyS,02386,1,0
kSӒn,02401,1,1
kS˒,02402,1,1
kSSΒ,02403,1,1
kS\acΒ,02404,1,0
kSZ˒,02405,1,1
kSl,02406,1,1
kSk,02407,1,1
kSk,02408,1,1
kSVԗё,02409,1,0
kSc,02410,1,1
kSZP,02411,1,1
kS,02421,1,0
kS唨,02422,1,1
kSԒ,02423,1,0
kSʑ,02424,1,1
kSԉY,02425,1,0
kS䑺,02426,1,0
kSe,02427,1,0
OˌSO˒,02441,1,1
OˌS܌˒,02442,1,1
OˌScq,02443,1,0
OˌS쒬,02444,1,0
OˌS암,02445,1,1
OˌSK㒬,02446,1,1
OˌSn,02447,1,0
OˌS싽,02448,1,0
OˌSqΑ,02449,1,0
OˌSV,02450,1,0
s,03201,1,1
{Îs,03202,1,1
Dns,03203,1,1
s,03204,1,1
Ԋs,03205,1,1
ks,03206,1,1
vs,03207,1,1
s,03208,1,1
֎s,03209,1,1
Ocs,03210,1,1
Ύs,03211,1,1
]hs,03212,1,1
ˎs,03213,1,1
SΒ,03301,1,1
S,03302,1,0
S蒬,03303,1,1
S,03304,1,1
S,03305,1,1
S,03306,1,0
SʎR,03307,1,1
S㒬,03308,1,0
gSg,03321,1,1
gSВ,03322,1,1
BьS唗,03341,1,0
BьSΒJ,03342,1,1
aSa,03361,1,1
aSc,03363,1,0
aS,03365,1,0
_SP蒬,03381,1,1
_SO,03382,1,1
_S_,03383,1,1
_Sߐ쑺,03384,1,0
ֈSԐ,03401,1,0
ֈS,03402,1,1
ֈS哌,03421,1,0
ֈS,03422,1,0
ֈSX,03423,1,1
ֈSR,03424,1,1
ֈS,03425,1,0
ֈS葺,03426,1,0
CSZc,03441,1,0
CSO,03442,0,0
ɌSƒ,03461,1,1
ɌS{瑺,03462,1,0
ɌScV,03481,1,0
ɌSRc,03482,1,1
ɌS,03483,1,1
ɌSc씨,03484,1,0
ɌS㑺,03485,1,0
ɌSV,03486,1,0
ɌS䑺,03487,1,0
ˌSyĒ,03501,1,0
ˌSs,03502,1,0
ˌSc,03503,1,1
ˌSR`,03504,1,0
ˌS쑺,03505,1,0
ˌSˑ,03506,1,0
ˌS@,03521,1,0
ˌS㒬,03523,0,0
ˌS˒,03524,1,1
st,04101,1,1
s{,04102,1,1
sы,04103,1,1
s,04104,1,1
s,04105,1,1
Ίs,04202,1,1
s,04203,1,1
Ðs,04204,1,1
Cs,04205,1,1
Ύs,04206,1,1
s,04207,1,1
pcs,04208,1,1
s,04209,1,1
s,04211,1,1
cS,04301,1,1
cSPh,04302,1,0
ēcS͌,04321,1,1
ēcSc,04322,1,1
ēcSēc,04323,1,1
ēcS蒬,04324,1,1
ɋSېX,04341,1,1
jSj,04361,1,1
jSR,04362,1,1
{S,04401,1,1
{SPl,04404,1,1
{S{,04406,1,1
Sa,04421,1,1
S勽,04422,1,1
SxJ,04423,1,1
St,04424,1,1
SVcij,04441,1,1
Scij,04442,1,0
S{蒬ij,04443,1,0
SF,04444,1,0
ucSR,04461,1,0
ucSO{ؒ,04462,1,1
ucS䒬,04463,1,1
ʑSoR,04481,1,1
ʑSq,04482,1,1
cSOJ,04501,1,1
cScK,04502,1,0
cSc,04503,1,1
cS싽,04504,1,0
ISzْ,04521,1,1
IS,04522,1,1
ISI,04523,1,1
IS,04524,1,0
ISꔗ,04525,1,0
IS,04526,1,0
IS,04527,1,1
IS,04528,1,1
ISugP,04529,1,1
ISԎR,04530,1,0
oČS,04541,1,1
oČSoĒ,04542,1,1
oČSa,04543,1,1
oČSc,04544,1,1
oČSL,04545,1,1
oČSĎR,04546,1,0
oČSΉz,04547,1,1
oČS,04548,1,0
S͖k,04561,1,1
S{,04562,1,1
SY,04563,1,1
S͓쒬,04564,1,1
S,04565,1,0
S,04566,1,1
Sk㒬,04567,1,0
S쒬,04581,1,1
S,04582,1,1
{gSuÐ쒬,04601,1,1
{gSÎR,04602,1,1
{gS{g,04603,1,0
{gSK,04604,1,0
{gS̒Ò,04605,1,0
Hcs,05201,1,1
\s,05202,1,1
s,05203,1,1
َs,05204,1,1
{s,05205,1,1
js,05206,1,1
s,05207,1,1
Ȏs,05208,1,1
ps,05209,1,1
pS⒬,05303,1,1
kHcS鑃,05321,1,1
kHcS,05322,1,1
kHcSXg,05323,1,1
kHcSm,05324,1,0
kHcSc㒬,05325,1,0
kHcS쒬,05326,1,1
kHcS㏬m,05327,1,0
R{SՋu,05341,1,0
R{Sb䒬,05342,1,1
R{SX,05343,1,0
R{SR{,05344,1,0
R{S,05345,1,0
R{S,05346,1,0
R{Sl,05347,1,0
HcS܏ڒ,05361,1,1
HcSa,05362,1,1
HcSY,05363,1,1
HcSѓc쒬,05364,1,1
HcSV,05365,1,1
HcS쒬,05366,1,0
HcS,05367,1,0
HcS劃,05368,1,0
͕ӌS͕Ӓ,05381,1,1
͕ӌSYa,05382,1,1
RSmے,05401,1,1
RSY,05402,1,1
RSۊ,05403,1,1
RS,05404,1,1
RS钬,05405,1,0
RSR,05406,1,0
RSڒ,05407,1,0
RSC,05408,1,0
RSR,05409,1,0
RS,05410,1,0
kS_,05421,1,1
kSk,05422,1,1
kSpْ,05423,1,1
kSZ,05424,1,1
kS咬,05425,1,0
kScΒ,05426,1,1
kSa,05427,1,0
kSO,05428,1,0
kSk,05429,1,0
kSؑ,05430,1,0
kSc,05431,1,0
kS用,05432,1,0
kS쑺,05433,1,0
Sc,05441,1,1
S,05442,1,1
SY쒬,05443,1,0
SX,05444,1,0
S\,05445,1,1
SR,05446,1,0
SY,05447,1,0
YS쒬,05461,1,0
YSY,05462,1,0
YSH㒬,05463,1,0
YS,05464,1,0
YSF,05465,1,0
R`s,06201,1,1
đs,06202,1,1
߉s,06203,1,1
cs,06204,1,1
Vs,06205,1,1
͍]s,06206,1,1
Rs,06207,1,1
Rs,06208,1,1
s,06209,1,1
Vs,06210,1,1
s,06211,1,1
ԑs,06212,1,1
zs,06213,1,1
RSRӒ,06301,1,1
RSR,06302,1,1
RS͖k,06321,1,1
RS쒬,06322,1,0
RS,06323,1,1
RS],06324,1,1
kRSΓc,06341,1,1
ŏSR,06361,1,1
ŏSŏ㒬,06362,1,1
ŏSM`,06363,1,0
ŏS^쒬,06364,1,1
ŏS呠,06365,1,0
ŏS쑺,06366,1,0
ŏSˑ,06367,1,0
uS,06381,1,1
uS쐼,06382,1,1
uS,06401,1,1
uS钬,06402,1,1
uSіL,06403,1,0
cS쒬,06421,1,0
cS]ڒ,06422,1,1
cS,06423,1,1
cSH,06424,1,0
cS,06425,1,1
cSO쒬,06426,1,1
cS,06427,1,0
cSC,06441,1,1
OCSV,06461,1,1
OCS,06462,1,1
OCSR,06463,1,0
OCSc,06464,1,0
s,07201,1,1
Îᏼs,07202,1,1
SRs,07203,1,1
킫s,07204,1,1
͎s,07205,1,1
s,07206,1,1
{s,07207,1,1
쑽s,07208,1,1
ns,07209,1,1
{s,07210,1,1
ɒBSKܒ,07301,1,1
ɒBSɒB,07302,1,1
ɒBS,07303,1,1
ɒBS쒬,07304,1,1
ɒBSی,07305,1,1
ɒBSR,07306,1,1
ɒBSْ,07307,1,0
ɒBS얓,07308,1,1
ɒBSі쒬,07309,1,0
BSB,07321,1,1
BSʑ,07322,1,1
BS{{,07323,1,1
BS,07324,1,1
BS㒬,07325,1,1
BSa,07326,1,0
␣S,07341,1,0
␣SΒ,07342,1,1
␣S␣,07343,1,0
␣SVh,07344,1,0
ÌSc,07361,1,1
ÌS,07362,1,0
ÌSڊ⑺,07363,1,0
ÌSO},07364,1,0
ÌSɓ쑺,07365,1,1
ÌS싽,07366,1,0
ÌS,07367,1,0
kÌSkÑ,07381,1,1
떃SM[,07401,1,0
떃Sk,07402,1,0
떃S쒬,07403,1,1
떃SRs,07404,1,0
떃SÒ,07405,1,0
떃S,07406,1,0
떃S֒,07407,1,0
떃Sc㒬,07408,1,1
͏SÍ≺,07421,1,1
͏S쑺,07422,1,1
͏SÒ,07423,1,0
͏S͓,07424,1,1
SÍc,07441,1,1
SÖ{,07442,1,1
SVߑ,07443,1,0
SO,07444,1,0
SR,07445,1,0
Sa,07446,1,0
͌S,07461,1,1
͌S\,07462,1,0
͌S,07463,1,0
͌S葺,07464,1,0
͌S,07465,1,1
͌S,07466,1,1
͌SM,07467,1,1
SIq,07481,1,1
SՒ,07482,1,0
S,07483,1,1
SL쑺,07484,1,0
ΐSΐ쒬,07501,1,1
ΐSʐ쑺,07502,1,0
ΐSc,07503,1,0
ΐS쒬,07504,1,1
ΐSÓa,07505,1,0
cSOt,07521,1,1
cS쒬,07522,1,1
cSꍪ,07523,1,1
cSz,07524,1,0
cSsH,07525,1,0
cSt,07526,1,1
cSD,07527,1,1
otSL쒬,07541,1,0
otSt,07542,1,1
otSx,07543,1,1
otS,07544,1,0
otSF,07545,1,1
otSot,07546,1,1
otSQ],07547,1,1
otS,07548,1,0
nSVn,07561,1,1
nS,07562,1,1
nS,07563,1,1
nSъڑ,07564,1,0
otSn,07801,1,0
ˎs,08201,1,1
s,08202,1,1
yYs,08203,1,1
É͎s,08204,1,1
Ήs,08205,1,1
َs,08206,1,1
s,08207,1,1
Ps,08208,1,1
Ȏs,08210,1,1
Cs,08211,1,1
헤cs,08212,1,1
s,08214,1,1
ks,08215,1,1
}Ԏs,08216,1,1
s,08217,1,1
s,08218,1,1
vs,08219,1,1
Ύs,08220,1,1
ЂȂs,08221,1,1
s,08222,1,1
s,08223,1,1
Js,08224,1,1
S钬,08302,1,1
S쒬,08303,1,1
S엢,08304,1,1
S,08305,1,1
Sk,08306,1,1
Sj,08307,1,0
SOR,08308,1,0
S,08309,1,1
SF,08321,1,1
SԒ,08322,1,1
S,08323,1,0
S␣,08324,1,1
߉όSC,08341,1,1
߉όS߉ϒ,08342,1,1
߉όSZA,08343,1,1
߉όS{,08344,1,1
߉όSR,08345,1,0
߉όSa,08346,1,0
߉όS쑺,08347,1,0
vS,08361,1,0
vS{,08362,1,0
vS,08363,1,0
vSq,08364,1,1
S\,08381,1,1
S,08401,1,1
Sgc,08402,1,1
Sm,08403,1,1
S_,08406,1,1
Sg蒬,08407,1,1
sS,08421,1,1
sSx,08422,0,0
sS,08423,0,0
sSkY,08424,1,1
sSʑ,08425,1,1
~S]ˍ蒬,08441,1,1
~SY,08442,1,1
~S,08443,1,1
~Ss蒬,08445,1,1
~SV,08446,1,1
~S͓,08447,1,1
~S쑺,08448,1,1
~S,08449,1,1
VSPY,08461,1,1
VSʗ,08462,1,1
VS,08463,1,1
VSc,08464,1,1
VSV,08465,1,1
}gSɓޒ,08482,1,1
}gSJa,08483,1,1
^ǌS֏钬,08501,1,1
^ǌS쒬,08502,1,1
^ǌS^ǒ,08503,1,1
^ǌSa,08504,1,1
^ǌSa,08505,1,1
S㒬,08521,1,1
S쑺,08522,1,1
SΉ,08523,1,1
Sa,08541,1,1
S܉,08542,1,1
SOa,08543,1,1
S,08544,1,1
S,08546,1,1
knSJ,08561,0,0
knS㒬,08563,1,1
knS,08564,1,1
Fs{s,09201,1,1
s,09202,1,1
Ȗ؎s,09203,1,1
s,09204,1,1
s,09205,1,1
s,09206,1,1
ss,09207,1,1
Rs,09208,1,1
^s,09209,1,1
cs,09210,1,1
s,09211,1,1
s,09212,1,1
͓SO쒬,09301,1,1
͓S͓,09302,1,1
͓S͓,09303,1,1
͓S͓,09304,1,1
sS,09321,1,1
sS쒬,09322,1,1
sS,09323,1,0
FS{,09341,1,1
FSvq,09342,1,1
FSΖؒ,09343,1,1
FSsL,09344,1,1
FSF꒬,09345,1,1
sSp,09361,1,1
sS΋,09362,1,1
sS,09363,1,1
sSؒ,09364,1,1
sS啽,09365,1,1
sS,09366,1,1
sSM,09367,1,1
sSs꒬,09368,1,1
JSIR,09382,1,0
JS,09383,1,1
JSJ,09384,1,1
JSƒ,09385,1,1
JS,09386,1,1
JSA쒬,09387,1,1
ߐ{Sߐ{,09401,1,1
ߐ{SGR,09402,1,1
ߐ{Sn,09403,1,1
ߐ{S쒬,09404,1,0
ߐ{SÏ㑺,09405,1,0
ߐ{SH,09406,1,0
ߐ{Sߐ{,09407,1,1
ߐ{Sߐ{쒬,09409,1,1
ߐ{S,09410,1,1
hSc,09421,1,1
hS,09422,1,1
Os,10201,1,1
s,10202,1,1
ːs,10203,1,1
ɐs,10204,1,1
cs,10205,1,1
cs,10206,1,1
ٗюs,10207,1,1
as,10208,1,1
s,10209,1,1
xs,10210,1,1
s,10211,1,1
Skk,10301,1,1
Sԏ鑺,10302,1,0
Sxm,10303,1,1
SӒ,10304,1,1
S{鑺,10305,1,1
S쑺,10306,1,1
SV,10307,1,1
Sۍ,10308,1,0
S,10309,1,0
QnSY,10321,1,1
QnSq,10322,1,0
QnS,10323,1,1
QnSQn,10324,1,1
kQnSq,10341,1,0
kQnS㑺,10342,1,0
kQnSɍے,10343,1,1
kQnSY,10344,1,1
kQnSg,10345,1,1
SV,10361,1,1
SSΒ,10362,1,1
Sg䒬,10363,1,1
S꒬i_j,10364,1,0
Si_j,10365,1,0
S쑺,10366,1,0
ÊyS`,10381,1,0
ÊySmc,10382,1,1
ÊySq,10383,1,0
ÊySÊy,10384,1,1
OXSc,10401,1,1
ȌSV,10421,1,1
ȌS,10422,1,0
ȌSȒ,10423,1,1
ȌS쌴,10424,1,0
ȌSڗ,10425,1,0
ȌSÒ,10426,1,1
ȌSZ,10427,1,0
ȌSR,10428,1,0
S,10441,1,0
S,10442,1,0
SЕi,10443,1,0
Sꑺ,10444,1,0
S쒬,10445,1,1
S㒬,10446,1,1
SV,10447,1,0
Sa,10448,1,0
gSԖx,10461,1,1
gS,10462,1,1
gS,10463,1,1
gSʑ,10464,1,1
VcS,10481,1,1
VcSVc,10482,1,1
VcS˖{,10483,1,1
VcS},10484,1,1
RcSԁX,10501,1,1
WySq,10521,1,1
WySa,10522,1,1
WySc,10523,1,1
WyS,10524,1,1
WySWy,10525,1,1
܎s,11244,1,1
zs,11201,1,1
FJs,11202,1,1
s,11203,1,1
Yas,11204,0,0
{s,11205,0,0
scs,11206,1,1
s,11207,1,1
s,11208,1,1
є\s,11209,1,1
{s,11210,1,1
{s,11211,1,1
Rs,11212,1,1
Ύs,11213,1,1
ts,11214,1,1
Rs,11215,1,1
Hs,11216,1,1
s,11217,1,1
[Js,11218,1,1
s,11219,1,1
^s,11220,0,0
s,11221,1,1
zJs,11222,1,1
ns,11223,1,1
˓cs,11224,1,1
Ԏs,11225,1,1
PJs,11226,1,1
s,11227,1,1
u؎s,11228,1,1
as,11229,1,1
Vs,11230,1,1
s,11231,1,1
vs,11232,1,1
k{s,11233,1,1
s,11234,1,1
xms,11235,1,1
㕟s,11236,1,1
Os,11237,1,1
@cs,11238,1,1
ˎs,11239,1,1
Ks,11240,1,1
߃Ps,11241,1,1
s,11242,1,1
gs,11243,1,1
kSɓޒ,11301,1,1
kS㒬,11304,1,1
ԌS䒬,11322,1,1
ԌSOF,11324,1,1
ԌSјCR,11326,1,1
ԌSz,11327,1,1
ԌSI,11330,1,0
S쒬,11341,1,1
SR,11342,1,1
S쒬,11343,1,1
Ss쑺,11344,1,1
Sʐ쑺,11345,1,1
S쓇,11346,1,1
Sg,11347,1,1
SR,11348,1,1
S,11361,1,1
SF쒬,11362,1,1
SҒ,11363,1,0
Sgc,11364,1,0
S쒬,11365,1,0
S_,11366,1,0
Sꑺ,11367,1,0
Sr쑺,11368,1,0
S,11369,1,0
ʌS,11381,1,1
ʌSʒ,11382,1,1
ʌS_쒬,11383,1,1
ʌS_,11384,1,0
ʌS㗢,11385,1,1
嗢S嗢,11401,1,1
嗢S]쒬,11402,1,1
嗢Sȏ,11403,1,1
嗢S,11405,1,1
嗢S{,11406,1,1
嗢Sԉ,11407,1,1
嗢S񋏒,11408,1,1
kʌSR,11421,1,1
kʌS͌,11422,1,1
kʌS엢,11423,1,1
kʌSkӒ,11424,1,1
kʌS嗘,11425,1,1
ʌS{㒬,11442,1,1
ʌS,11445,1,1
ʌSҊ,11446,1,1
kSI,11461,1,1
kSh{,11462,1,1
kS˒,11464,1,1
kS,11465,1,1
kSa,11468,1,1
ts,12101,1,1
tsԌ,12102,1,1
tsы,12103,1,1
tst,12104,1,1
ts΋,12105,1,1
tsl,12106,1,1
qs,12202,1,1
ss,12203,1,1
Ds,12204,1,1
َRs,12205,1,1
؍XÎs,12206,1,1
ˎs,12207,1,1
cs,12208,1,1
s,12209,1,1
Όs,12210,1,1
cs,12211,1,1
qs,12212,1,1
s,12213,1,1
ss,12214,1,1
s,12215,1,1
Kus,12216,1,1
s,12217,1,1
Ys,12218,1,1
ss,12219,1,1
Rs,12220,1,1
s,12221,1,1
䑷qs,12222,1,1
s,12223,1,1
PJs,12224,1,1
NÎs,12225,1,1
xÎs,12226,1,1
Ys,12227,1,1
lXs,12228,1,1
PYs,12229,1,1
Xs,12230,1,1
󐼎s,12231,1,1
s,12232,1,1
xs,12233,1,1
S֏hicsj,12303,1,1
S쒬,12305,1,1
׌SX䒬,12322,1,1
׌Sx,12324,0,0
׌Sב,12325,1,1
׌S䒬,12326,0,0
׌S{W,12328,1,1
׌Sh,12329,1,1
S,12341,1,0
S_蒬,12342,1,0
Sh,12343,1,0
S쒬,12344,1,1
SRc,12345,1,0
SI,12346,1,0
SÒ,12347,1,0
S,12348,1,1
S,12349,1,1
CSC㒬,12361,1,0
CSщ,12362,1,0
xS,12381,1,1
xSh,12382,1,0
RSԔ,12402,1,1
RS\㗢,12403,1,1
RS,12404,1,1
RSR,12405,1,1
RS@,12406,1,1
RS,12407,1,0
RSŒ,12408,1,0
RSŎR,12409,1,0
S{,12421,1,1
Sr,12422,1,1
S,12423,1,0
Sq,12424,1,0
S,12426,1,0
S쒬,12427,1,1
΋S命쒬,12441,1,0
΋S΋,12442,1,0
΋Sh,12443,1,0
΋S匴,12444,1,1
΋S,12445,1,1
[SxY,12461,1,0
[SxR,12462,1,0
[S쒬,12463,1,0
[SOF,12464,1,0
[Sl,12465,1,0
[Sq,12466,1,0
[SێR,12467,1,0
[Sac,12468,1,0
[SVÏ,12472,1,1
c,13101,1,0
,13102,1,0
`,13103,1,0
Vh,13104,1,0
,13105,1,0
䓌,13106,1,0
nc,13107,1,0
],13108,1,0
i,13109,1,0
ڍ,13110,1,0
c,13111,1,0
cJ,13112,1,0
aJ,13113,1,0
,13114,1,0
,13115,1,0
L,13116,1,0
k,13117,1,0
r,13118,1,0
,13119,1,0
n,13120,1,0
,13121,1,0
,13122,1,0
]ː,13123,1,0
qs,13201,1,0
s,13202,1,0
s,13203,1,0
Os,13204,1,0
~s,13205,1,0
{s,13206,1,0
s,13207,1,0
zs,13208,1,0
cs,13209,1,0
s,13210,1,0
s,13211,1,0
s,13212,1,0
Rs,13213,1,0
s,13214,1,0
s,13215,1,0
cs,13216,0,0
ےJs,13217,0,0
s,13218,1,0
]s,13219,1,0
as,13220,1,0
s,13221,1,0
vĎs,13222,1,0
Rs,13223,1,0
s,13224,1,0
s,13225,1,0
Hs,13227,1,0
s,13228,1,0
s,13229,1,0
S䒬,13303,1,0
S̏o,13305,1,0
Sw,13307,1,0
S,13308,1,0
哇x哇,13361,1,0
哇x,13362,1,0
哇xV,13363,1,0
哇x_Ó,13364,1,0
OxO,13381,1,0
Ox䑠,13382,1,0
x䒬,13401,1,0
xP,13402,1,0
}x},13421,1,0
}x},13425,0,0
}x},13426,0,0
}x},13427,0,0
}x},13428,0,0
}x},13429,0,0
}x},13425,0,0
}x},13426,0,0
}x},13427,0,0
}x},13428,0,0
}x},13429,0,0
n,13805,0,0
n,13806,0,0
n,13807,0,0
n,13808,0,0
n,13809,0,0
n,13810,0,0
lsߌ,14101,1,1
ls_ސ,14102,1,1
ls,14103,1,1
ls,14104,1,1
ls,14105,1,1
lsۓyPJ,14106,1,1
lsq,14107,1,1
ls,14108,1,1
ls`k,14109,1,1
ls˒ˋ,14110,1,1
ls`,14111,1,1
ls,14112,1,1
ls΋,14113,1,1
lsJ,14114,1,1
lsh,14115,1,1
ls,14116,1,1
lst,14117,1,1
lss},14118,1,1
s,14131,1,1
sK,14132,1,1
s,14133,1,1
sË,14134,1,1
s,14135,1,1
s{O,14136,1,1
s,14137,1,1
{s,14201,1,1
ˎs,14203,1,1
qs,14204,1,1
s,14205,1,1
cs,14206,1,1
Ps,14207,1,1
qs,14208,1,1
͌s,14209,1,1
OYs,14210,1,1
`s,14211,1,1
؎s,14212,1,1
as,14213,1,1
ɐs,14214,1,1
CVs,14215,1,1
Ԏs,14216,1,1
쑫s,14217,1,1
s,14218,1,1
OYStR,14301,1,1
S쒬,14321,1,1
S钬,14341,1,1
S{,14342,1,1
S䒬,14361,1,1
S䒬,14362,1,1
Sc,14363,1,1
SRk,14364,1,1
SJ,14366,1,1
S,14382,1,1
S^ߒ,14383,1,1
S͌,14384,1,1
bS쒬,14401,1,1
bS쑺,14402,1,0
ËvSR,14421,1,1
ËvSËv䒬,14422,1,1
ËvS͌Β,14423,1,1
ËvS쒬,14424,1,1
Vs,15201,1,1
s,15202,1,1
Os,15204,1,1
s,15205,1,1
Vcs,15206,1,1
VÎs,15207,1,1
Js,15208,1,1
Ύs,15209,1,1
\s,15210,1,1
s,15211,1,1
s,15212,1,1
s,15213,1,1
Ȕs,15215,1,1
s,15216,1,1
Vs,15217,1,1
ܐs,15218,1,1
Îsinsj,15219,1,1
s,15220,1,1
Lhs,15221,1,1
zs,15222,1,1
kScisj,15301,1,1
kSPisj,15302,1,1
kSisj,15303,1,1
kS_isj,15304,1,0
kSLYiVcsj,15306,1,1
kSU,15307,1,1
kS쑺,15308,1,0
kS_,15309,1,1
kS,15310,1,1
kS쑺,15311,1,1
S{˒,15321,1,1
S,15322,1,1
Sz,15323,1,1
STc,15324,1,1
S⎺,15341,1,1
SF,15342,1,1
S,15343,1,1
Sgc,15344,1,1
S,15345,1,1
S쒬,15346,1,1
S钬,15347,0,0
S,15348,1,0
S,15349,1,0
S,15350,1,0
SV,15351,1,0
슗Sc㒬,15361,1,1
슗Sc,15362,1,0
슗Sh,15363,1,1
슗SV,15364,1,1
SÐ쒬,15381,1,1
S,15382,1,1
S쑺,15383,1,0
SO쑺,15384,1,0
OSzH,15401,1,1
OSO,15402,1,1
OS^,15403,1,1
OSa,15404,1,0
OSo_蒬,15405,1,0
OS,15406,1,0
ÎuSRÎu,15421,1,0
kS,15441,1,1
kSxV,15442,1,1
kSo,15443,1,1
kSVJ,15444,1,1
kSL_,15445,1,1
kS呺,15446,1,1
kSL,15447,1,1
싛S,15461,1,1
싛S,15462,1,1
싛SZ,15463,1,1
싛Sa,15464,1,1
S쐼,15481,1,1
SÓ쒬,15482,1,0
S,15483,1,0
HS,15501,1,0
HS,15502,1,0
HSH,15504,1,0
HSR,15505,1,0
S˒,15521,1,0
SY쌴,15522,1,0
S㒬,15523,1,0
SVR,15524,1,0
S哇,15525,1,0
Sq,15526,1,0
S`蒬,15541,1,1
S劃,15542,1,1
S鑺,15543,1,1
Sg쒬,15544,1,0
S,15545,1,1
S,15546,1,1
S,15547,1,1
Sq,15548,1,0
S,15549,1,0
SOa,15550,1,0
S,15561,1,0
S\,15562,1,1
SC,15563,1,1
DS֐쑺,15581,1,0
DSr쒬,15582,1,1
DS_ё,15583,1,1
DS,15584,1,0
DSRk,15585,1,0
DSY,15586,1,0
nS쒬insj,15601,1,1
nSacinsj,15602,1,1
nS䒬insj,15603,1,1
nSV䑺insj,15604,1,1
nS쒬insj,15605,1,1
nS^쒬insj,15606,1,1
nSؒinsj,15607,1,0
nSHΒinsj,15608,1,0
nSԔinsj,15609,1,0
xRs,16201,1,1
s,16202,1,1
Vs,16203,1,1
Îs,16204,1,1
Xs,16205,1,1
s,16206,1,1
s,16207,1,1
vgs,16208,1,1
s,16209,1,1
VS쒬,16301,1,1
VSR,16302,1,1
VSM,16321,1,1
VSs,16322,1,1
VSR,16323,1,1
VSFތ,16341,1,1
VSP,16342,1,1
VS,16343,1,1
wS,16361,1,1
wSw,16362,1,1
wSRc,16363,1,0
wSד,16364,1,0
ːS,16381,1,1
ːS咬,16382,1,1
ːS,16383,1,1
ːS哇,16384,1,1
gS[,16401,1,1
gS,16402,1,0
gS㕽,16403,1,0
gSꑺ,16404,1,0
gS쒬,16405,1,1
gSg,16406,1,1
gS,16407,1,0
gS쒬,16408,1,1
gS,16421,1,1
gS,16422,1,1
s,17201,1,1
s,17202,1,1
s,17203,1,1
֓s,17204,1,1
Fs,17205,1,1
s,17206,1,1
Hs,17207,1,1
Cs,17208,1,1
]SR,17301,1,1
\S㒬,17321,1,1
\S䒬,17322,1,1
\SC,17323,1,1
\Sk,17324,1,1
ΐS쒬,17342,1,1
ΐSߗ,17343,1,1
ΐSXs,17344,1,1
ΐS͓,17345,1,0
ΐSgJ,17346,1,0
ΐSz,17347,1,0
ΐS,17348,1,0
ΐS,17349,1,0
͖kSÔ,17361,1,1
͖kSiقsj,17362,1,1
͖kS˒iقsj,17363,1,1
͖kSFmCiقsj,17364,1,1
͖kS咬,17365,1,1
HSx,17382,1,1
HSuY,17383,1,0
HSu꒬,17384,1,1
HS,17385,1,0
Scߕl,17401,1,0
S,17402,1,0
S,17403,1,0
S,17404,1,0
S\o,17405,1,0
S,17406,1,0
PS,17421,1,1
PSO,17422,1,0
PS\s,17423,1,1
PSc,17424,1,0
FSY,17441,1,1
s,18201,1,1
։s,18202,1,1
s,18203,1,1
ls,18204,1,1
s,18205,1,1
Rs,18206,1,1
I]s,18207,1,1
HSR,18302,1,0
gcS,18321,1,1
gcSi,18322,1,0
gcSu䑺,18323,1,0
Sa,18342,1,0
SO,18361,1,1
Sisj,18362,1,1
SÒisj,18363,1,1
Sۉ,18364,1,1
St],18365,1,1
S䒬,18366,1,1
S,18381,1,1
Src,18382,1,0
S,18401,1,0
S,18402,1,0
S͖쑺,18403,1,0
OS,18421,1,1
OS{葺,18422,1,1
OSzO,18423,1,0
OSzU,18424,1,0
OSDc,18425,1,1
OS,18426,1,1
OSO,18441,1,1
OSl,18442,1,1
~S㒆,18461,1,1
~Sc,18462,1,0
ьSl,18481,1,1
ьSђ,18482,1,0
b{s,19201,1,1
xmgcs,19202,1,1
Rs,19203,1,1
ss,19204,1,1
Rs,19205,1,1
匎s,19206,1,1
Bs,19207,1,1
RSt,19301,1,1
RSqu,19302,1,0
RSOx,19303,1,0
RS,19304,1,1
RSa,19305,1,0
SΘa,19321,1,1
S⒬,19322,1,1
S{,19323,1,1
S㒬,19324,1,1
S쑺,19325,1,1
S,19326,1,1
S쑺,19327,1,0
SLx,19328,1,1
SF,19341,1,0
SO쒬,19342,1,1
Ss咬,19343,1,1
SZ,19344,1,0
S,19345,1,0
싐S䒬,19361,1,1
싐S,19362,1,1
싐Sx,19363,1,0
싐S쒬,19364,1,0
싐Sg,19365,1,1
싐S암,19366,1,0
싐Sx򒬁i암j,19367,1,0
S,19381,1,1
S~,19382,1,1
Sʕ䒬,19383,1,1
Sa,19384,1,1
Scx,19385,1,1
SciAvXsj,19386,1,1
SiAvXsj,19387,1,1
SiAvXsj,19388,1,0
SᑐiAvXsj,19389,1,0
S`iAvXsj,19390,1,1
SbiAvXsj,19391,1,1
kSot,19401,1,1
kS쑺,19402,1,0
kS{ʒ,19403,1,0
kS,19404,1,0
kS⒬,19405,1,0
kS,19406,1,0
kS,19407,1,0
kSB,19408,1,0
kS쑺,19409,1,0
sSHR,19421,1,0
sSu,19422,1,0
sSj,19423,1,1
sSE쑺,19424,1,1
sSRΑ,19425,1,1
sS͌Βixm͌Βj,19426,1,1
sSRixm͌Βj,19427,1,1
sSacixm͌Βj,19428,1,1
sS,19429,1,0
ksS쌴,19441,1,1
ksS,19442,1,0
ksSOgR,19443,1,0
s,20201,1,1
{s,20202,1,1
cs,20203,1,1
Js,20204,1,1
ѓcs,20205,1,1
zKs,20206,1,1
{s,20207,1,1
s,20208,1,1
ɓߎs,20209,1,1
Ps,20210,1,1
s,20211,1,1
咬s,20212,1,1
юRs,20213,1,1
s,20214,1,1
Ks,20215,1,1
XsiȎsj,20216,1,1
vs,20217,1,1
썲vSPc,20301,1,1
썲vSv,20302,1,0
썲vSC,20303,1,1
썲vS㑺,20304,1,0
썲vSq,20305,1,0
썲vS쑊ؑ,20306,1,0
썲vSkؑ,20307,1,0
썲vS䑺,20308,1,0
kvSy,20321,1,1
kvS],20322,1,0
kvSc,20323,1,1
kvSȒ,20324,1,0
kvSȑ,20325,1,0
kvSkqisj,20326,1,0
Sێq,20341,1,1
S咬,20342,1,0
Sisj,20343,1,1
S^c,20345,1,0
SΑ,20346,1,0
Sac,20347,1,0
Sؑ,20349,1,0
zKSzK,20361,1,1
zKSxm,20362,1,1
zKS,20363,1,0
ɓߌS,20381,1,1
ɓߌSC쒬,20382,1,1
ɓߌS֒,20383,1,1
ɓߌSѓ,20384,1,1
ɓߌS얥֑,20385,1,1
ɓߌS쑺,20386,1,1
ɓߌSJ,20387,1,0
ɓߌS{c,20388,1,1
ɓߌS쒬,20402,1,1
ɓߌSX,20403,1,1
ɓߌS쒬,20404,1,0
ɓߌSH,20406,1,0
ɓߌSq,20407,1,0
ɓߌSQ,20408,1,0
ɓߌSJ,20409,1,0
ɓߌSH,20410,1,0
ɓߌS,20411,1,0
ɓߌSؑ,20412,1,0
ɓߌSV,20413,1,0
ɓߌSו,20414,1,0
ɓߌSؑ,20415,1,0
ɓߌSLu,20416,1,0
ɓߌS厭,20417,1,0
ɓߌS㑺,20418,1,0
ɓߌSMZ,20419,1,0
ؑ]Sؑ],20421,1,1
ؑ]S㏼,20422,1,1
ؑ]Sؑ],20423,1,0
ؑ]S쑺,20424,1,0
ؑ]Sؑc,20425,1,0
ؑ]S`,20426,1,0
ؑ]SJc,20427,1,0
ؑ]SOx,20428,1,0
ؑ]Sꑺ,20429,1,0
ؑ]SK,20430,1,0
ؑ]SR,20431,1,0
}SȒ,20441,1,1
}Slꑺ,20443,1,0
}S{鑺,20444,1,0
}Sk,20445,1,0
}Sё,20446,1,0
}S䑺,20447,1,0
}S⑺,20448,1,0
}Sgc,20449,1,1
}SR`,20450,1,0
}S,20451,1,0
܌SLȒ,20461,1,1
܌S䍂,20462,1,1
܌Sސ쑺,20463,1,0
܌Sܑ,20464,1,0
܌S쑺,20465,1,0
܌SO,20466,1,1
܌Sx,20467,1,1
k܌Src,20481,1,1
k܌S쑺,20482,1,1
k܌S⑺,20483,1,0
k܌S,20484,1,0
k܌Sn,20485,1,1
k܌SJ,20486,1,0
XSRciȎsj,20501,1,1
XS剪,20502,1,0
ȌS钬,20521,1,1
ȌSˑqiȎsj,20522,1,1
㍂Sz{,20541,1,1
㍂SR,20543,1,1
SRm,20561,1,1
Sؓ,20562,1,1
S򉷐,20563,1,1
㐅SMBV,20581,1,0
㐅SL쒬,20582,1,1
㐅SMZ,20583,1,1
㐅S瑺,20584,1,1
㐅SO,20585,1,0
㐅SˉB,20586,1,0
㐅SS,20587,1,0
㐅S쑺,20588,1,0
㐅S,20589,1,0
SLc,20601,1,1
Sh,20602,1,0
򕌎s,21201,1,1
_s,21202,1,1
Rs,21203,1,1
s,21204,1,1
֎s,21205,1,1
Ðs,21206,1,1
Zs,21207,1,1
Qs,21208,1,1
Hs,21209,1,1
bߎs,21210,1,1
ZΎs,21211,1,1
ys,21212,1,1
es,21213,1,1
s,21214,1,1
HS쓇,21301,1,1
HS쒬,21302,1,1
HS},21303,1,1
HSÒ,21304,1,1
CÌSCÒ,21321,1,1
CÌSc,21322,1,1
CÌSZ,21323,1,1
{VS{V,21341,1,1
{VSΒÒ,21342,1,0
sjS䒬,21361,1,1
sjSփP,21362,1,1
S_˒,21381,1,1
S֔V,21382,1,1
S,21383,1,1
Sn,21384,1,1
KSK쒬,21401,1,1
KSJ,21402,1,0
KS쒬,21403,1,1
KSrc,21404,1,1
KSt,21405,1,0
KSv,21406,1,1
KS,21407,1,0
KS,21408,1,0
{Sk,21421,1,1
{S{,21422,1,0
{Sϒisj,21423,1,1
{S쒬isj,21424,1,1
{S^,21425,1,1
{Sђ,21426,1,1
{S,21427,1,0
RSxiRsj,21441,1,1
RSɎǑiRsj,21442,1,0
RSRiRsj,21443,1,0
VSˑ,21461,1,0
VS摺,21462,1,0
VS|쒬,21463,1,1
VSV,21464,1,0
VSVۑ,21465,1,0
SS,21481,1,1
SSa,21482,1,0
SS,21483,1,0
SSh,21484,1,0
SS,21485,1,0
SS,21486,1,0
SSaǑ,21487,1,0
ΌSj,21501,1,1
ΌSx,21502,1,1
ΌSӒ,21503,1,1
ΌS@,21504,1,0
ΌSSÒ,21505,1,1
ΌS쒬,21506,1,0
ΌS쑺,21507,1,0
S䐓,21521,1,1
SR,21523,1,1
yS},21541,1,1
bߌS≺,21561,1,0
bߌS㑺,21562,1,0
bߌSqꑺ,21563,1,0
bߌStm,21564,1,0
bߌS,21565,1,0
bߌSg쑺,21566,1,0
bߌS⑺,21567,1,0
bߌSR,21568,1,0
bߌSq,21569,1,0
bߌS,21570,1,0
bߌS쒬,21571,1,0
vcS,21581,1,0
vcS⒬,21582,1,0
vcSC,21583,1,1
vcSR,21584,1,0
vcSn,21585,1,0
SO쑺,21601,1,0
S,21602,1,0
S쑺,21603,1,0
S쑺,21604,1,0
S{,21605,1,0
SvX쒬,21606,1,0
S,21607,1,0
S,21608,1,0
gSÐ쒬,21621,1,1
gS{,21622,1,0
gS͍,21623,1,0
gS{쑺,21624,1,0
gS_,21625,1,1
gS,21626,1,0
És,22201,1,1
ls,22202,1,1
Îs,22203,1,1
siÉsj,22204,1,1
MCs,22205,1,1
Os,22206,1,1
xm{s,22207,1,1
ɓs,22208,1,1
cs,22209,1,1
xms,22210,1,1
֓cs,22211,1,1
ĒÎs,22212,1,1
|s,22213,1,1
}s,22214,1,1
as,22215,1,1
܈s,22216,1,1
Vs,22217,1,1
lks,22218,1,1
cs,22219,1,1
s,22220,1,1
ΐs,22221,1,1
ΌSɓ,22301,1,1
ΌS͒Ò,22302,1,1
ΌSɓ,22304,1,1
ΌS蒬,22305,1,0
ΌSɓ,22306,1,0
ΌSΑ,22307,1,0
cSɓ,22321,1,1
cSCPiɓsj,22322,1,1
cS˓c,22323,1,0
cSy쒬iɓsj,22324,1,0
cS쒬,22325,1,1
cSBR,22326,1,1
cSm,22327,1,1
cSV铒Piɓsj,22328,1,0
cSɓiɓsj,22329,1,0
xS,22341,1,1
xS,22342,1,1
xSR,22344,1,1
xmSŐ쒬,22361,1,1
Sxm쒬,22381,1,1
S,22382,1,1
SR䒬,22383,1,1
uS,22401,1,1
uS쒬,22402,1,1
YSO蒬iOsj,22421,1,1
YSǒ,22422,1,1
YSY,22423,1,1
YSgc,22424,1,1
YSJ,22425,1,1
YS썪,22426,1,0
YS썪,22427,1,0
YS{썪,22428,1,0
}S{꒬,22442,1,1
}SliOsj,22444,1,1
}S},22445,1,1
}Se쒬,22446,1,1
}S哌,22447,1,1
qSX,22461,1,1
qSt쒬,22462,1,0
֓cSH,22481,1,1
֓cSc,22482,1,1
֓cSm,22483,1,1
֓cSLc,22484,1,1
֓cSL,22485,1,1
֓cSR,22486,1,0
֓cSvԒ,22487,1,0
֓cSE,22488,1,0
lS㒬,22502,1,1
lSV,22503,1,1
lSY,22505,1,1
S׍],22521,1,1
S,22522,1,1
SOP,22523,1,1
És,23101,1,1
És,23102,1,1
Ésk,23103,1,1
És,23104,1,1
És,23105,1,1
És,23106,1,1
Ésa,23107,1,1
És,23108,1,1
ÉsMc,23109,1,1
És,23110,1,1
És`,23111,1,1
És,23112,1,1
ÉsR,23113,1,1
És΋,23114,1,1
És,23115,1,1
ÉsV,23116,1,1
Ls,23201,1,1
s,23202,1,1
{s,23203,1,1
ˎs,23204,1,1
cs,23205,1,1
ts,23206,1,1
Ls,23207,1,1
Ós,23208,1,1
ɓs,23209,1,1
Js,23210,1,1
Lcs,23211,1,1
s,23212,1,1
s,23213,1,1
Ss,23214,1,1
Rs,23215,1,1
튊s,23216,1,1
]s,23217,1,1
s,23218,1,1
qs,23219,1,1
s,23220,1,1
Vs,23221,1,1
Cs,23222,1,1
{s,23223,1,1
ms,23224,1,1
ms,23225,1,1
s,23226,1,1
ls,23227,1,1
qs,23228,1,1
Ls,23229,1,1
is,23230,1,1
mS,23302,1,1
mSv蒬,23304,1,1
tSf,23341,1,1
tSLR,23342,1,1
tSt,23343,1,1
tSt,23344,1,1
tSt,23345,1,1
tSF,23346,1,1
tSV쒬,23347,1,1
OHS,23361,1,1
OHS}K,23362,1,1
tISؑ]쒬,23381,1,1
Sc],23401,1,1
Sa,23402,1,1
CS,23421,1,1
CSa,23422,1,1
CSrڎ,23423,1,1
CS厡,23424,1,1
CSI],23425,1,1
CS\lR,23426,1,1
CS򓇑,23427,1,1
CSx,23428,1,1
CS,23429,1,1
CSc,23430,1,1
CSJ,23431,1,1
CSD,23432,1,1
mSv䒬,23441,1,1
mSY,23442,1,1
mSm,23445,1,1
mSl,23446,1,1
mSL,23447,1,1
SF,23481,1,1
Sgǒ,23482,1,1
S,23483,1,1
zcSKc,23501,1,1
zcSzc,23502,1,0
ΌSOD,23521,1,1
ΌS,23522,1,1
ΌS,23523,1,0
ΌS,23541,1,0
ΌSR,23543,1,0
ΌS,23544,1,0
k݊yS݊y,23561,1,0
k݊ySh,23562,1,0
k݊ySL,23563,1,0
k݊ySxR,23564,1,0
k݊ySË,23565,1,0
k݊yS,23566,1,0
݊ySP,23581,1,0
݊yS葺,23582,1,0
ьSH,23601,1,1
ьS{,23602,1,1
ьS䒬,23603,1,1
ьSÒ,23604,1,1
Scicsj,23621,1,1
SԉHicsj,23622,1,1
S,23623,1,1
Îs,24201,1,1
lss,24202,1,1
ɐs,24203,1,1
s,24204,1,1
Ks,24205,1,1
s,24206,1,1
鎭s,24207,1,1
s,24208,1,1
hs,24209,1,1
TRs,24210,1,1
Hs,24211,1,1
Fs,24212,1,1
vs,24213,1,1
KSx,24301,1,1
KS,24302,1,1
KSؑ],24303,1,1
ٌSkiȂ׎sj,24321,1,1
ٌSْiȂ׎sj,24322,1,1
ٌSiȂ׎sj,24323,1,1
ٌS,24324,1,1
ٌSiȂ׎sj,24325,1,0
OdSԖ쒬,24341,1,1
OdS풬,24342,1,1
OdS,24343,1,1
OdSz,24344,1,1
鎭S֒,24361,1,1
|S͌|,24381,1,1
|S|Z,24382,1,1
|S,24383,1,0
|SZ,24384,1,1
uSǏF,24402,1,1
uSu,24403,1,0
uSR,24404,1,0
uS쒬,24405,1,1
uS,24406,1,0
uSO_,24407,1,1
ѓSѓ쒬,24421,1,0
ѓSэ,24422,1,0
CSC,24441,1,0
CSa,24442,1,1
CS䒬,24443,1,0
CSa,24444,1,0
CS{쑺,24445,1,0
xSʏ钬,24461,1,1
xS񌩒,24462,1,1
xS,24463,1,1
xS쐨,24464,1,1
xS쓇,24465,1,0
xS{,24466,1,0
xSI,24467,1,0
xS䉒,24468,1,1
xSR,24469,1,0
xSx,24470,1,0
RSɉ꒬,24481,1,1
RSP,24482,1,0
RSR,24483,1,1
RSRc,24484,1,0
SR,24501,1,1
uSl,24521,1,1
uS剤,24522,1,1
uSu,24523,1,1
uS,24524,1,1
uS镔,24525,1,1
kKSIɒ,24541,1,1
kKSCR,24542,1,0
어KSl,24561,1,1
어KSI,24562,1,0
어KSIa,24563,1,0
어KSLa,24564,1,0
kKSn,24801,1,0
Îs,25201,1,1
Fs,25202,1,1
ls,25203,1,1
ߍ]s,25204,1,1
ssiߍ]sj,25205,1,1
Îs,25206,1,1
Rs,25207,1,1
Is,25208,1,1
Su꒬iÎsj,25301,1,1
ISI,25321,0,0
FS咬iFsj,25342,1,1
FSFiFsj,25343,1,1
bSΕiÓsj,25361,1,1
bSbiÓsj,25362,1,1
bSibsj,25363,1,1
bSyRibsj,25364,1,1
bSb꒬ibsj,25365,1,1
bSb쒬ibsj,25366,1,1
bSMyibsj,25367,1,1
Sy,25381,1,1
Siߍ]sj,25382,1,1
S쒬,25383,1,1
S,25384,1,1
_Siiߍ]sj,25401,1,0
_S܌iߍ]sj,25402,1,1
_S\o쒬iߍ]sj,25403,1,1
mSiߍ]sj,25421,1,1
mSΓiߍ]sj,25422,1,1
mS`ij,25423,1,1
mSm쒬ij,25424,1,1
SL,25441,1,1
Sbǒ,25442,1,1
S꒬,25443,1,1
cSRiČsj,25461,1,1
cSɐiČsj,25462,1,1
cSČiČsj,25463,1,1
cSߍ]iČsj,25464,1,1
S䒬ilsj,25481,1,1
SՕP,25482,1,1
SΖk,25483,1,1
Sт풬iߍ]sj,25484,1,1
ɍS,25501,1,1
ɍSؔV{,25502,1,1
ɍS],25503,1,0
ɍS䒬,25504,1,0
S}Lmisj,25521,1,1
SÒisj,25522,1,1
Sؑisj,25523,1,0
Sܐ쒬isj,25524,1,1
Sisj,25525,1,1
SVisj,25526,1,1
ssk,26101,1,1
ss㋞,26102,1,1
ss,26103,1,1
ss,26104,1,1
ssR,26105,1,1
ss,26106,1,1
ss,26107,1,1
ssE,26108,1,1
ss,26109,1,1
ssRȋ,26110,1,1
ss,26111,1,1
mRs,26201,1,1
ߎs,26202,1,1
s,26203,1,1
Fs,26204,1,1
{Îs,26205,1,1
Ts,26206,1,1
zs,26207,1,1
s,26208,1,1
s,26209,1,1
s,26210,1,1
cӎs,26211,1,1
PSR蒬,26303,1,1
vSvR,26322,1,1
ԊS蒬,26343,1,1
ԊSFc,26344,1,1
ySR钬,26361,1,1
ySؒÒ,26362,1,1
ySΒ,26363,1,1
yS}u,26364,1,0
ySa,26365,1,0
ySؒ,26366,1,1
ySR鑺,26367,1,0
kKcSkissj,26381,1,0
kKcSRiOsj,26382,1,0
DSiOsj,26401,1,1
DSؒiOsj,26402,1,1
DSOgiOgj,26403,1,1
DSgiOsj,26404,1,0
DS䒬iOgj,26405,1,0
DSamiOgj,26406,1,0
VcSOaimRsj,26421,1,0
VcSv쒬imRsj,26422,1,0
S]imRsj,26441,1,1
^ӌSxi^Ӗ쒬j,26461,1,0
^ӌS꒬i^Ӗ쒬j,26462,1,1
^ӌSɍ,26463,1,0
^ӌSc쒬i^Ӗ쒬j,26464,1,0
SRiOsj,26481,1,1
S{iOsj,26482,1,0
|SԖ쒬iOsj,26501,1,1
|SO㒬iOsj,26502,1,0
|ShiOsj,26503,1,0
FSvliOsj,26521,1,0
ss,27102,1,1
s,27103,1,1
sԋ,27104,1,1
s,27106,1,1
s`,27107,1,1
s吳,27108,1,1
sV,27109,1,1
sQ,27111,1,1
s,27113,1,1
s,27114,1,1
s,27115,1,1
s,27116,1,1
s,27117,1,1
s铌,27118,1,1
s{,27119,1,1
sZg,27120,1,1
sZg,27121,1,1
s,27122,1,1
s,27123,1,1
sߌ,27124,1,1
sZV],27125,1,1
s,27126,1,1
sk,27127,1,1
s,27128,1,1
s,27201,1,1
ݘacs,27202,1,1
Ls,27203,1,1
rcs,27204,1,1
cs,27205,1,1
Îs,27206,1,1
Ύs,27207,1,1
Lˎs,27208,1,1
s,27209,1,1
s,27210,1,1
؎s,27211,1,1
s,27212,1,1
򍲖s,27213,1,1
xcюs,27214,1,1
Qs,27215,1,1
͓s,27216,1,1
s,27217,1,1
哌s,27218,1,1
as,27219,1,1
ʎs,27220,1,1
s,27221,1,1
Hgs,27222,1,1
^s,27223,1,1
ےÎs,27224,1,1
Ύs,27225,1,1
䎛s,27226,1,1
s,27227,1,1
s,27228,1,1
ls,27229,1,1
s,27230,1,1
㋷Rs,27231,1,1
s,27232,1,1
OS{,27301,1,1
L\SL\,27321,1,1
L\S\,27322,1,1
kS,27341,1,1
SF撬,27361,1,1
ScK,27362,1,1
S,27366,1,1
͓Sq,27381,1,1
͓S͓쒬,27382,1,1
͓S瑁ԍ㑺,27383,1,1
͓Sisj,27385,1,1
_ˎs,28101,1,1
_ˎs,28102,1,1
_ˎsɋ,28105,1,1
_ˎsc,28106,1,1
_ˎs{,28107,1,1
_ˎs,28108,1,1
_ˎsk,28109,1,1
_ˎs,28110,1,1
_ˎs,28111,1,1
PHs,28201,1,1
s,28202,1,1
Ύs,28203,1,1
{s,28204,1,1
F{s,28205,1,1
s,28206,1,1
ɒOs,28207,1,1
s,28208,1,1
Ls,28209,1,1
Ðs,28210,1,1
si̎sj,28211,1,1
ԕs,28212,1,1
es,28213,1,1
ˎs,28214,1,1
O؎s,28215,1,1
s,28216,1,1
쐼s,28217,1,1
s,28218,1,1
Ocs,28219,1,1
s,28220,1,1
Rs,28221,1,1
ӌS쒬,28301,1,1
XSg쒬iO؎sj,28321,1,1
SВisj,28341,1,1
S쒬isj,28342,1,1
S𒬁isj,28343,1,1
Sij,28361,1,1
Sij,28362,1,0
S㒬ij,28363,1,0
Sciesj,28364,1,0
ÌS,28381,1,1
ÌSd,28382,1,1
SƓiPHsj,28421,1,0
SOiPHsj,28422,1,0
_S_蒬i_͒j,28441,1,0
_Ss쒬,28442,1,0
_S蒬,28443,1,1
_SiPHsj,28444,1,1
_S͓i_͒j,28445,1,0
KیSV{i̎sj,28461,1,1
KیSKې쒬i̎sj,28462,1,1
KیSÒi̎sj,28463,1,1
KیSq,28464,1,1
ԕSSiԕsj,28481,1,1
pSpipj,28501,1,0
pS㌎ipj,28502,1,0
pSipj,28503,1,0
pSOipj,28504,1,1
SR蒬isj,28521,1,1
SxiPHsj,28522,1,0
S{isj,28523,1,0
Sg꒬isj,28524,1,0
S풬isj,28525,1,0
S蒬,28541,1,1
S|쒬,28542,1,1
SZij,28543,1,1
S,28544,1,1
oΌSoΒ,28561,1,1
oΌSA,28562,1,0
Sij,28581,1,0
Sl⒬iV򒬁j,28582,1,1
Sij,28583,1,0
S򒬁iV򒬁j,28584,1,0
{Si{sj,28601,1,1
{S{i{sj,28602,1,0
{S剮i{sj,28603,1,0
{S֋{i{sj,28604,1,0
S쒬isj,28621,1,0
SacRisj,28622,1,1
SRisj,28623,1,0
Sisj,28624,1,0
XSiOgsj,28641,1,1
XSX㒬iOgsj,28642,1,1
XS_iOgsj,28643,1,0
XStiOgsj,28644,1,1
XSR쒬iOgsj,28645,1,0
XSsiOgsj,28646,1,0
ÖSÖiWHsj,28681,1,1
ÖSWHiWHsj,28682,1,1
ÖSkWiWHsj,28683,1,1
ÖS{iWHsj,28684,1,0
ÖSܐFiF{sj,28685,1,0
ÖSYiWHsj,28686,1,1
OSΒ,28701,1,1
OSW,28702,1,1
OSO,28703,1,0
OSW,28704,1,1
ޗǎs,29201,1,1
acs,29202,1,1
aSRs,29203,1,1
Vs,29204,1,1
s,29205,1,1
s,29206,1,1
ܞs,29207,1,1
䏊s,29208,1,1
s,29209,1,1
Ŏs,29210,1,1
YSP,29301,1,0
RӌSsV,29321,1,1
RӌSRY,29322,1,0
SQ,29342,1,1
SO,29343,1,1
S,29344,1,1
Sg,29345,1,1
S쐼,29361,1,1
SO,29362,1,1
Sc{,29363,1,1
FɌSFɒ,29381,1,1
FɌSpc쒬,29382,1,1
FɌSY,29383,1,1
FɌS,29384,1,0
FɌS],29385,1,0
FɌS,29386,1,0
sS撬,29401,1,1
sS,29402,1,1
kSV,29421,1,1
kSc,29422,1,1
kSq,29424,1,1
kS,29425,1,1
kSL˒,29426,1,1
kS͍,29427,1,1
gSg쒬,29441,1,1
gS嗄,29442,1,1
gSs,29443,1,1
gSꑺ,29444,1,0
gSg쑺,29445,1,0
gSV쑺,29446,1,0
gS씗쑺,29447,1,0
gS哃,29448,1,0
gS\Ð쑺,29449,1,0
gSkR,29450,1,0
gSkR,29451,1,0
gS㑺,29452,1,0
gSg쑺,29453,1,0
a̎Rs,30201,1,1
Cs,30202,1,1
{s,30203,1,1
Lcs,30204,1,1
Vs,30205,1,1
cӎs,30206,1,1
V{s,30207,1,1
CSÒ,30301,1,1
CS㒬,30302,1,0
CS,30303,1,0
߉Sœc,30321,1,1
߉S͒,30322,1,1
߉S߉꒬,30323,1,1
߉SR,30324,1,0
߉SMu쒬,30325,1,1
߉So,30326,1,1
ɓsS炬,30341,1,1
ɓsS,30342,1,1
ɓsSxR,30343,1,1
ɓsS쒬,30344,1,1
ɓsSԉ,30345,1,0
LcS,30361,1,1
LcSL쒬,30362,1,0
LcSg,30363,1,1
LcS,30364,1,0
LcS,30365,1,0
Sl,30381,1,1
S,30382,1,0
SRǒ,30383,1,1
SӒ,30384,1,0
SÑ,30385,1,0
SR,30386,1,0
S_,30387,1,0
S암쑺,30388,1,0
S암,30389,1,1
S쒬,30390,1,0
KSl,30401,1,1
KSӘH,30402,1,0
KS哃,30403,1,0
KSxc,30404,1,1
KSu쒬,30405,1,1
KSݒ,30406,1,1
KS{,30407,1,1
KSߒqY,30421,1,1
KSn,30422,1,1
KSÍ,30423,1,1
KSÍ쒬,30424,1,0
KSF쒬,30425,1,0
KS{{,30426,1,0
KSkR,30427,1,0
s,31201,1,1
Ďqs,31202,1,1
qgs,31203,1,1
`s,31204,1,1
S{,31301,1,1
S,31302,1,1
S,31303,1,0
SSƒ,31321,1,1
SD,31322,1,1
S͌,31323,1,1
S,31324,1,0
S,31325,1,1
Sp,31326,1,0
S,31327,1,0
Sq,31328,1,1
CSC,31341,1,1
CS쒬,31342,1,1
CSJ,31343,1,1
SH,31361,1,1
S,31362,1,0
S,31363,1,1
SO,31364,1,1
S֋,31365,1,1
Sk,31366,1,0
Sh,31367,1,0
S,31368,1,1
Sԍ꒬,31369,1,1
S,31381,1,0
S,31382,1,0
Sݖ{,31383,1,0
SgÑ,31384,1,1
S],31385,1,1
SR,31386,1,0
Sa,31387,1,0
SR,31388,1,0
S쒬,31401,1,0
S쒬,31402,1,0
S]{,31403,1,0
Sa,31404,1,0
]s,32201,1,1
lcs,32202,1,1
o_s,32203,1,1
vcs,32204,1,1
cs,32205,1,1
s,32206,1,1
]Îs,32207,1,1
cs,32208,1,1
S,32301,1,0
S,32302,1,0
Sۊ֒,32303,1,0
So_,32304,1,1
S_,32305,1,0
Sʓ,32306,1,1
S,32307,1,1
S,32308,1,0
\`SL,32321,1,1
\`S,32322,1,0
mSm,32341,1,1
mSc,32342,1,1
匴S哌,32361,1,1
匴SΒ,32362,1,1
匴S؎,32363,1,1
ѐΌSO,32381,1,1
ѐΌSgc,32382,1,0
ѐΌS|,32383,1,0
ѐΌSڌ,32384,1,0
ѐΌSԗ,32385,1,0
S쒬,32401,1,1
Sc,32402,1,0
S꒬,32403,1,0
SΗ˒,32404,1,1
SВ,32405,1,1
SÒ,32421,1,1
Sm,32422,1,1
WqS{,32441,1,1
WqSWq,32442,1,0
WqSa,32443,1,0
WqSH{,32444,1,0
WqS䒬,32445,1,0
WqSΌ,32446,1,0
WqS],32447,1,1
߉S钬,32462,1,0
߉S,32463,1,1
߉Sh,32464,1,0
߉SO,32465,1,1
ZSs,32481,1,0
ZSC,32482,1,1
SØa쒬,32501,1,1
S,32502,1,0
S`ؑ,32503,1,0
SZs,32504,1,0
BS,32521,1,1
BSz{,32522,1,0
BS܉ӑ,32523,1,0
BSs,32524,1,0
BSCm,32525,1,0
BSm,32526,1,0
BSmv,32527,1,0
Rs,33201,1,1
q~s,33202,1,1
ÎRs,33203,1,1
ʖs,33204,1,1
}s,33205,1,1
䌴s,33207,1,1
Ўs,33208,1,1
s,33209,1,1
Vs,33210,1,1
Os,33211,1,1
ÌSÒ,33301,1,0
ÌS,33303,1,0
ÌSΐ쒬,33305,1,1
Ԕ֌S˒,33321,1,1
Ԕ֌SRz,33322,1,1
Ԕ֌Sԍ⒬,33323,1,0
Ԕ֌SFR,33324,1,1
Ԕ֌Sg䒬,33325,1,0
aCS,33342,1,1
aCSgi,33344,1,0
aCS,33345,1,0
aCSaC,33346,1,1
WvS,33361,1,0
WvSWv,33362,1,0
WvSD,33363,1,0
S蒬,33401,1,1
sES,33423,1,1
sESR葺,33427,1,1
sES,33428,1,1
SD䒬,33441,1,1
S,33442,1,1
S,33443,1,1
S񓇒,33444,1,0
S,33445,1,1
cS|,33461,1,1
cS,33462,1,0
㌎SF䒬,33481,1,0
gS^,33503,1,1
[SL,33521,1,0
[Sk[,33522,1,0
[Sz,33523,1,1
SH,33541,1,1
S㒬,33542,1,0
S,33543,1,0
NS卲,33561,1,0
NS_,33562,1,0
NSN,33563,1,0
NSN,33564,1,0
^SR,33581,1,1
^S,33582,1,1
^S,33583,1,1
^Sv,33584,1,1
^SÑ,33585,1,0
^SV,33586,1,0
^S㑺,33587,1,0
^S,33588,1,0
^Sa,33589,1,0
ϓcSΒ,33601,1,0
ϓcSx,33602,1,0
ϓcSÒ,33603,1,0
ϓcS֌,33604,1,0
ϓcSg,33605,1,0
ϓcS쒬,33606,1,1
cSc,33621,1,0
cS,33622,1,1
cSދ`,33623,1,0
cSk,33624,1,1
pcS匴,33641,1,0
pcSq,33642,1,0
pcSq,33643,1,0
pcS쒬,33644,1,1
pcS쓌,33645,1,0
pcSpc,33646,1,0
vČS,33661,1,0
vČS,33662,1,0
vČSvē쒬,33663,1,0
vČSvĒ,33664,1,1
vČS򌴒,33665,1,0
Ls,34101,1,1
Ls,34102,1,1
Ls,34103,1,1
Ls,34104,1,1
Ls,34105,1,1
Lsk,34106,1,1
Ls|,34107,1,1
Ls,34108,1,1
s,34202,1,1
|s,34203,1,1
Os,34204,1,1
s,34205,1,1
s,34206,1,1
Rs,34207,1,1
{s,34208,1,1
Os,34209,1,1
s,34210,1,1
|s,34211,1,1
Ls,34212,1,1
ss,34213,1,1
|S{,34302,1,1
|SCc,34304,1,1
|SF쒬,34307,1,1
|S⒬,34309,1,1
|S]c,34310,1,1
|S˒,34311,1,1
|Sq,34312,1,0
|Sisj,34313,1,0
|S,34314,1,0
S쒬,34323,1,1
S,34324,1,1
Sissj,34325,1,1
Sgaissj,34326,1,0
S{,34327,1,1
S\,34328,1,0
S,34329,1,0
S`,34330,1,1
RSv,34361,1,0
RSꑺ,34362,1,0
RSˉ͓,34363,1,0
RS|k,34364,1,0
RS咩,34365,1,0
RSc,34366,1,1
RSL,34367,1,0
cSgci|csj,34381,1,1
cS㒬i|csj,34382,1,1
cSyi|csj,34383,1,0
cS{i|csj,34384,1,0
cSbci|csj,34385,1,0
cSi|csj,34386,1,0
ΌS,34402,1,1
ΌSx,34405,1,0
ΌSLh,34406,1,0
ΌSa,34407,1,0
ΌS͓,34408,1,1
LcS{,34421,1,1
LcS|Ò,34422,1,1
LcSY,34423,1,1
LcSKisj,34424,1,1
LcSLl,34425,1,0
LcSL,34426,1,0
LcS蒬i㓇j,34427,1,0
LcS쒬i㓇j,34428,1,0
LcS؍]i㓇j,34429,1,0
LcS˓c,34430,1,1
䒲S䒲,34441,1,1
䒲Sv䒬,34442,1,0
䒲S,34444,1,1
SbR,34461,1,1
S,34462,1,1
S,34463,1,0
GSCiRsj,34481,1,0
GSG,34482,1,1
[S_Ӓ,34501,1,1
iSVsiRsj,34524,1,1
_ΌSؒ,34541,1,0
_ΌS_Β,34542,1,0
_ΌSL,34543,1,0
_ΌSOa,34544,1,0
bzS㉺i{sj,34561,1,1
bzS̒,34562,1,0
bzSbziOsj,34563,1,0
oOSNciOsj,34581,1,0
oOSz쑺iOsj,34582,1,0
oOSؑiOsj,34583,1,0
oOSgɒiOsj,34584,1,1
oOSOǍ⒬iOsj,34585,1,1
oOSOaiOsj,34586,1,0
kS钬,34601,1,1
kS钬,34602,1,1
kSa,34603,1,0
kS쒬,34604,1,0
kSa,34605,1,0
֎s,35201,1,1
Fs,35202,1,1
Rs,35203,1,1
s,35204,1,1
Rsisj,35205,1,1
h{s,35206,1,1
s,35207,1,1
⍑s,35208,1,1
cs,35209,1,1
s,35210,1,1
s,35211,1,1
s,35212,1,1
Is,35213,1,1
Vzsisj,35214,1,1
哇Sv꒬,35301,1,0
哇S哇,35302,1,1
哇Sa,35303,1,1
哇Sk,35304,1,0
όSaؒ,35321,1,1
όSRF,35322,1,1
όSϒ,35323,1,1
όS{,35324,1,0
όS,35325,1,1
όSђ,35326,1,0
όS唩,35327,1,0
όS쒬,35328,1,0
όSa,35329,1,0
FьS֒,35341,1,0
FьSa,35342,1,1
FьScz{,35343,1,1
FьS,35344,1,1
FьSFђisj,35345,1,1
sZS쒬isj,35361,1,0
gSn,35381,1,0
g~SH䒬,35401,1,1
g~SS,35402,1,1
g~Sm{,35403,1,1
S풬,35421,1,1
SRz,35422,1,1
LYSe쒬,35441,1,0
LYSLc,35442,1,0
LYSLY,35443,1,1
LYSLk,35444,1,0
HS,35461,1,0
HSHF,35462,1,1
ÌSO,35481,1,1
ÌSu,35482,1,0
ÌSJ,35483,1,0
S㑺,35501,1,0
S,35502,1,0
Sc쒬,35503,1,0
S,35504,1,0
Sނݑ,35505,1,0
S{,35506,1,0
S,35507,1,0
Sh,35508,1,0
s,36201,1,1
s,36202,1,1
s,36203,1,1
s,36204,1,1
YSY,36301,1,0
YS㏟,36302,1,0
S߉͓,36321,1,0
SΈ䒬,36341,1,1
S_R,36342,1,0
߉S߉쒬,36361,1,1
߉SHmY,36362,1,1
߉Sh~,36363,1,0
߉S,36364,1,0
߉S߉꒬,36365,1,0
߉Sؑ,36366,1,0
߉Sؓ,36367,1,0
CSR,36381,1,0
CSa,36382,1,1
CS,36383,1,1
CSC쒬,36384,1,0
CSC,36385,1,0
CS,36386,1,0
SΒ,36401,1,1
Sk,36402,1,1
SZ,36403,1,1
S쒬,36404,1,0
S,36405,1,0
Sg쒬,36406,1,0
Sy,36407,1,0
gSs꒬,36421,1,0
gSg,36422,1,0
AS,36441,1,1
AS쓇,36442,1,0
ASR쒬,36443,1,0
AS,36444,1,0
nSe,36461,1,1
nSn,36462,1,0
nSc,36463,1,0
nS,36464,1,1
nSF,36465,1,0
nS,36466,1,0
nS؉,36467,1,0
ODSO쒬,36481,1,0
ODSOD,36482,1,0
ODSrc,36483,1,1
ODSR钬,36484,1,0
ODS쒬,36485,1,0
ODSOΒ,36486,1,0
ODScJR,36487,1,0
ODScJR,36488,1,0
s,37201,1,1
ۋTs,37202,1,1
os,37203,1,1
Pʎs,37204,1,1
ωs,37205,1,1
ʂs,37206,1,1
Scisj,37301,1,1
Sisj,37302,1,1
Sisj,37303,1,1
SÓc,37304,0,0
S쒬,37305,0,0
Sux,37306,0,0
S쒬,37307,0,0
S,37308,0,0
SC,37321,1,1
Sy,37322,1,1
Src,37323,1,0
ؓcSOؒ,37341,1,1
ؓcS璬,37342,1,1
ؓcS,37343,1,0
S],37361,1,0
S쒬,37362,1,1
S쒬,37363,1,0
S,37364,1,0
̌S㒬,37381,1,0
̌S쒬,37382,1,1
̌S,37383,1,1
̌S̒,37384,1,1
̌SюR,37385,1,1
̌SFÒ,37386,1,1
xSՓ쒬,37401,1,0
xSZ,37402,1,1
xSՕ,37403,1,1
xSxÒ,37404,1,1
xS쒬,37405,1,0
OLS,37421,1,0
OLSR{,37422,1,0
OLSO쒬,37423,1,0
OLS쌴,37424,1,0
OLSL,37425,1,1
OLSlԒ,37426,1,1
OLSm,37427,1,1
OLSLl,37428,1,1
OLSc,37429,1,0
Rs,38201,1,1
s,38202,1,1
Fas,38203,1,1
ls,38204,1,1
Vls,38205,1,1
s,38206,1,1
Fs,38207,1,1
V]silsj,38208,1,1
ɗ\Osilsj,38209,1,1
ɗ\s,38210,1,1
ks,38211,1,1
\s,38212,1,1
FSV{ilsj,38301,1,0
FSyilsj,38302,1,1
FSʎqRiVlsj,38303,1,0
KS,38321,1,1
KSO,38323,1,1
zqSq,38341,1,1
zqSʐ쒬,38342,1,1
zqSg,38343,1,1
zqS吼,38344,1,1
zqSeԒ,38345,1,1
zqSgC,38346,1,0
zqS{E,38347,1,0
zqS,38348,1,0
zqS,38349,1,0
zqS|풬,38350,1,0
zqS,38351,1,0
zqS鑺,38352,1,0
zqSY,38353,1,0
zqSO,38354,1,0
zqS֑O,38355,1,0
SdM,38361,1,1
S,38362,1,1
S,38363,1,0
㕂Sv,38381,1,1
㕂Sʉ͑,38382,1,0
㕂S쑺,38383,1,0
㕂SJ,38384,1,0
㕂Sc,38385,1,0
ɗ\SO,38401,1,1
ɗ\Su,38402,1,1
ɗ\SLc,38403,1,0
ɗ\SR,38404,1,0
ɗ\SoC,38405,1,0
쑽Sl,38421,1,1
쑽Sq,38422,1,1
쑽S܏\蒬,38423,1,1
쑽Sn쒬,38424,1,0
쑽S͕ӑ,38425,1,0
FaSۓ,38441,1,1
FaSɕ,38442,1,0
FaS˒,38443,1,0
FaSO蒬,38444,1,0
FaSOri\sj,38445,1,1
FaSli\sj,38461,1,0
FaSFai\sj,38462,1,1
FaS쑺i\sj,38463,1,1
FaS쒬i\sj,38464,1,0
kFaSgc,38481,1,1
kFaSOԒ,38482,1,0
kFaSL,38483,1,1
kFaS쒬,38484,1,0
kFaSg,38485,1,0
kFaSÓ,38486,1,1
FaSC,38501,1,1
FaS䑑,38502,1,1
FaSӒ,38503,1,1
FaS{,38504,1,0
FaSC,38505,1,1
ms,39201,1,1
ˎs,39202,1,1
|s,39203,1,1
썑s,39204,1,1
ys,39205,1,1
{s,39206,1,1
s,39207,1,1
hюs,39208,1,1
ys,39209,1,1
|Sm,39301,1,1
|Sޔ,39302,1,0
|Sc쒬,39303,1,0
|Sc,39304,1,0
|Sk쑺,39305,1,0
|SnH,39306,1,0
|S|,39307,1,0
Sԉ,39321,1,0
S,39322,1,1
SyRc,39323,1,1
Ss,39324,1,1
S{,39325,1,1
Sk,39326,1,0
Sg쑺,39327,1,0
S,39328,1,0
S{R,39341,1,1
SL,39344,1,0
yS,39361,1,0
ySyR,39362,1,0
ySy,39363,1,1
yS쑺,39364,1,0
yS{쑺,39365,1,0
Sɖ쒬,39381,1,1
Sr쒬,39382,1,0
St쒬,39383,1,1
S쑺,39384,1,0
Sk,39385,1,0
Sy,39401,1,1
S쒬,39402,1,1
Szm,39403,1,1
SE쒬,39404,1,1
S,39405,1,0
S쌩,39406,1,0
SÖ쑺,39407,1,0
StR,39408,1,0
Sm,39409,1,0
S,39410,1,0
S꒬,39421,1,1
S吳,39422,1,0
S,39423,1,1
S匎,39424,1,0
S\a,39425,1,0
Sy,39426,1,0
SO,39427,1,0
kBsi,40101,1,1
kBsᏼ,40103,1,1
kBs˔,40105,1,1
kBsqk,40106,1,1
kBsq,40107,1,1
kBs,40108,1,1
kBs,40109,1,1
s,40131,1,1
s,40132,1,1
s,40133,1,1
s,40134,1,1
s,40135,1,1
s,40136,1,1
sǋ,40137,1,1
喴cs,40202,1,1
vĎs,40203,1,1
s,40204,1,1
ђˎs,40205,1,1
cs,40206,1,1
s,40207,1,1
Rcs,40208,1,1
Ö؎s,40209,1,1
s,40210,1,1
}s,40211,1,1
s,40212,1,1
ss,40213,1,1
LOs,40214,1,1
Ԏs,40215,1,1
Ss,40216,1,1
}s,40217,1,1
ts,40218,1,1
s,40219,1,1
@s,40220,1,1
ɕ{s,40221,1,1
Os,40222,1,1
És,40223,1,1
}S߉ϐ쒬,40305,1,1
SF,40341,1,1
SI,40342,1,1
Suƒ,40343,1,1
S{b,40344,1,1
SV{,40345,1,1
SvR,40348,1,1
S,40349,1,1
@SԒ,40362,1,1
@SÉ蒬,40363,1,1
@SCi@sj,40364,1,1
@S哇,40365,1,0
S,40381,1,1
S,40382,1,1
S_,40383,1,1
S꒬,40384,1,1
ƎS|,40401,1,1
ƎSƎ蒬,40402,1,1
ƎS{c,40403,1,1
ƎS{,40404,1,0
ÕSj쒬,40421,1,1
ÕSz,40422,1,1
ÕSO䒬,40423,1,0
ÕSÕ䒬,40424,1,0
ÕS}䒬,40425,1,0
ÕSg,40426,1,1
ÕS,40427,1,1
ÕSoc,40428,1,1
qSfؒ,40441,1,0
qSq,40442,1,0
qSO֒,40443,1,1
qS{,40444,1,1
qSΌ,40445,1,0
qSR,40446,1,0
S䒬,40462,1,1
Su,40463,1,1
HSg䒬,40481,1,0
HScے,40482,1,0
HSH,40483,1,0
OSk쒬,40501,1,0
OS品,40503,1,0
OS铇,40521,1,0
OSؒ,40522,1,0
OSOk,40523,1,1
Sؒ,40541,1,1
Sz,40542,1,0
SԒ,40543,1,0
SL쒬,40544,1,1
S,40545,1,0
S쑺,40546,1,0
RS,40561,1,1
RSa,40562,1,1
RSO,40563,1,1
RSR쒬,40564,1,0
OrSc,40581,1,1
cSt,40601,1,0
cSYc,40602,1,1
cSc,40603,1,0
cSc,40604,1,0
cS蒬,40605,1,1
cSԒr,40606,1,0
cS钬,40607,1,0
cSC,40608,1,0
cSԑ,40609,1,0
sSc,40621,1,1
sSҐ쒬,40622,1,0
sSR,40623,1,0
sSLÒ,40624,1,0
zSœc,40641,1,1
zSgx,40642,1,1
zSz钬,40643,1,0
zSVgx,40644,1,0
zS啽,40645,1,0
s,41201,1,1
Îs,41202,1,1
s,41203,1,1
vs,41204,1,1
ɖs,41205,1,1
Ys,41206,1,1
s,41207,1,1
Sx,41301,1,1
S앛,41302,1,1
S^꒬,41303,1,0
Svۓc,41304,1,0
Sa,41305,1,1
Sxm,41306,1,0
_S_钬,41321,1,1
_Sc,41322,1,0
_SOc쒬,41323,1,1
_SwU,41324,1,1
_SwU,41325,1,0
_SO,41326,1,0
O{SR,41341,1,1
O{S,41342,1,0
O{SkΈ,41343,1,1
O{SO,41344,1,0
O{S,41345,1,1
S钬,41361,1,1
SO,41362,1,0
SÒ,41363,1,1
S,41364,1,0
YSlʒ,41381,1,1
YSR,41382,1,0
YSؒ,41383,1,0
YSm,41384,1,1
YSkg,41385,1,0
YSO,41386,1,0
YSC,41387,1,0
YS,41388,1,0
YSĎq,41389,1,1
YSLc,41401,1,1
YSLc,41402,1,1
nSR,41421,1,0
nSk,41422,1,0
nS咬,41423,1,0
nS]k,41424,1,0
nSΒ,41425,1,1
nSx,41426,1,0
nSL,41427,1,0
ÌSǒ,41441,1,0
ÌSc,41442,1,0
ÌS쒬,41443,1,1
s,42201,1,1
ێs,42202,1,1
s,42203,1,1
|s,42204,1,1
呺s,42205,1,1
]s,42206,1,1
ˎs,42207,1,1
Ys,42208,1,1
ދnSĒ,42301,1,1
ދnSɉ,42302,1,1
ދnS,42303,1,1
ދnS蒬,42304,1,0
ދnSOa,42305,1,1
ދnSǌ,42306,1,1
ދnS^,42307,1,1
ދnSÒ,42308,1,1
ދnSՊC,42309,1,1
ދnSޒ,42310,1,0
ދnSC,42311,1,0
ދnS哇,42312,1,1
ދnS˒,42313,1,0
ދnS吣˒,42314,1,0
ދnSOC,42315,1,0
ދnSދn,42321,1,1
ދnSI,42322,1,1
ދnSg,42323,1,1
kSXR,42341,1,0
kSѐ,42342,1,0
kS,42343,1,0
kS䒬,42344,1,0
썂SL,42361,1,0
썂S,42362,1,1
썂S䒬,42363,1,0
썂SȒ,42364,1,0
썂S쒬,42365,1,0
썂SXΒ,42366,1,1
썂Sl,42367,1,1
썂SR,42368,1,0
썂SÍ,42369,1,1
썂SVÒ,42370,1,1
썂SLn,42371,1,0
썂SkLn,42372,1,0
썂SLƒ,42373,1,1
썂SLƒ,42374,1,1
썂SzÒ,42375,1,0
썂S[],42376,1,0
kYS哇,42381,1,0
kYS,42382,1,0
kYSl꒬,42383,1,0
kYSFv,42384,1,1
kYSc,42385,1,1
kYS,42386,1,0
kYS铇,42387,1,0
kYS]},42388,1,1
kYS,42389,1,1
kYSX,42390,1,0
kYSX,42391,1,1
kYSg䒬,42392,1,0
kYSm,42393,1,0
쏼YSx],42401,1,0
쏼YSʔVY,42402,1,0
쏼YSOy,42403,1,0
쏼YSh,42404,1,0
쏼YSޗ,42405,1,0
쏼YSᏼ,42406,1,0
쏼YSܓ,42407,1,1
쏼YSVڒ,42408,1,0
쏼YSL쒬,42409,1,1
쏼YSޗǔ,42410,1,0
SmYisj,42421,1,1
S{isj,42422,1,0
SӒisj,42423,1,0
SΓcisj,42424,1,0
SiΔnsj,42441,1,1
SÓiΔnsj,42442,1,0
SLʒiΔnsj,42443,1,0
㌧SiΔnsj,42444,1,0
㌧S㌧iΔnsj,42445,1,0
㌧SΔniΔnsj,42446,1,0
F{s,43201,1,1
s,43202,1,1
lgs,43203,1,1
rs,43204,1,1
s,43205,1,1
ʖs,43206,1,1
{ns,43207,1,1
Rs,43208,1,1
[s,43209,1,1
ers,43210,1,1
Fys,43211,1,1
FySOp,43321,1,0
FySsmΒ,43322,1,1
vS쒬,43341,1,1
vSx,43342,1,1
vS,43343,1,1
vS쒬,43344,1,1
vSL쒬,43345,1,0
vS,43346,1,0
vSup,43347,1,0
ʖSЖ,43361,1,1
ʖS,43362,1,0
ʖSV,43363,1,0
ʖSʓ,43364,1,0
ʖSe,43365,1,0
ʖSOa,43366,1,0
ʖS֒,43367,1,0
ʖSF,43368,1,1
{Sk,43381,1,0
{Se,43382,1,0
{S{,43383,1,0
{S,43384,1,0
{SAؒ,43385,1,1
erS钬,43401,1,0
erSu,43402,1,0
erSÒ,43403,1,1
erSez,43404,1,1
erSu,43405,1,1
erS,43406,1,1
erSu,43407,1,1
hS̋{,43421,1,0
hSh,43422,1,0
hS쏬,43423,1,0
hS,43424,1,0
hSYR,43425,1,0
hSg쑺,43426,1,0
hShz,43427,1,0
hSX,43428,1,0
hS,43429,1,0
hSvؖ쑺,43430,1,0
hSz,43431,1,0
hS,43432,1,0
vSD,43441,1,1
vSÓ,43442,1,1
vSv钬,43443,1,1
vSb,43444,1,0
vS,43445,1,0
vSa,43446,1,0
S{,43461,1,0
S璚,43462,1,0
S,43463,1,1
Sk,43464,1,0
S{,43465,1,0
Sz,43466,1,0
S,43467,1,0
kScY,43481,1,0
kSk,43482,1,1
kSÓޖؒ,43484,1,0
Sђ,43501,1,0
S㑺i蒬j,43502,1,0
SƓci蒬j,43503,1,0
Si蒬j,43504,1,0
Sǖؒ,43505,1,0
SO,43506,1,0
S㑺,43507,1,0
S{bi蒬j,43508,1,0
S[ci蒬j,43509,1,0
SǑ,43510,1,0
Sܖؑ,43511,1,0
SR],43512,1,0
S,43513,1,0
VS쒬iVsj,43521,1,0
VSiVsj,43522,1,0
VSL,43523,1,0
VSP˒iVsj,43524,1,0
VSPxiVsj,43525,1,0
VS䏊Y,43526,1,0
VSqx,43527,1,0
VS{,43528,1,0
VSVa,43529,1,0
VSܘa,43530,1,0
VSk,43531,1,0
VSV,43532,1,0
VS͉Y,43533,1,0
啪s,44201,1,1
ʕ{s,44202,1,1
Îs,44203,1,1
cs,44204,1,1
s,44205,1,1
Pns,44206,1,1
Ëvs,44207,1,1
|cs,44208,1,1
L㍂cs,44209,1,1
nzs,44210,1,1
Fs,44211,1,1
Sc,44301,1,0
S^ʒ,44302,1,0
SXn,44303,1,0
S,44321,1,0
SP,44322,1,0
S,44323,1,1
S,44324,1,0
S,44325,1,0
So,44341,1,1
SR,44342,1,0
啪SÌ,44361,1,0
啪SpԒ,44362,1,1
啪S,44363,1,0
啪Sz@,44364,1,1
kCS֒,44381,1,1
CSY,44401,1,0
CS퐶,44402,1,0
CS{,44403,1,0
CSFڒ,44404,1,0
CS쑺,44405,1,0
CSߌ,44406,1,0
CSĐÑ,44407,1,0
CS],44408,1,0
SÒ,44421,1,0
SOd,44422,1,1
S쑺,44423,1,0
S,44424,1,0
Sn,44425,1,0
S쒬,44426,1,0
SΑ,44427,1,0
S,44428,1,0
S,44441,1,0
SvZ,44442,1,0
S,44443,1,0
Sd,44461,1,0
S쒬,44462,1,1
cSOÍ],44481,1,0
cSÍ],44482,1,0
cSÍ],44483,1,0
cSR,44484,1,0
cSV,44485,1,0
ьSO,44501,1,0
ьS{n⒬,44502,1,0
ьSn⒬,44503,1,0
ьSR,44504,1,0
FS@,44521,1,0
FSS@,44522,1,0
{s,45201,1,1
ss,45202,1,1
s,45203,1,1
s,45204,1,1
юs,45205,1,1
s,45206,1,1
Ԏs,45207,1,1
ss,45208,1,1
т̎s,45209,1,1
{S,45301,1,1
{Sc쒬,45302,1,1
{Sy,45303,1,1
߉όSk,45321,1,0
߉όS싽,45322,1,1
kSOҒ,45341,1,1
kSRV,45342,1,1
kS钬,45343,1,1
kSRc,45344,1,1
kS蒬,45345,1,1
S,45361,1,1
SK,45362,1,0
S{ؑ,45363,1,0
S,45381,1,1
Sx,45382,1,1
S,45383,1,1
S璬,45401,1,1
SVx,45402,1,1
SėǑ,45403,1,0
S؏钬,45404,1,0
S쒬,45405,1,1
Ss_,45406,1,1
PnS쒬,45421,1,1
PnS,45422,1,0
PnS싽,45423,1,0
PnS,45424,1,0
PnSk,45425,1,0
PnSk,45426,1,0
PnSk쒬,45427,1,0
PnSkY,45428,1,0
PnSˑ,45429,1,0
PnSŗt,45430,1,0
PnS䒬,45441,1,1
PnSVe,45442,1,0
PnS܃P,45443,1,0
s,46201,1,1
s,46202,1,1
s,46203,1,1
s,46204,1,1
ؖs,46205,1,1
vs,46206,1,1
s,46207,1,0
os,46208,1,1
s,46209,1,1
whs,46210,1,1
cs,46211,1,1
s,46212,1,1
V\s,46213,1,1
s,46214,1,1
Sgc,46301,1,1
S,46302,1,0
SO,46303,1,0
S\,46304,1,0
KhS,46321,1,1
KhSR쒬,46322,1,1
KhSo,46323,1,1
KhSJ,46324,1,1
ӌS},46341,1,0
ӌSY,46342,1,0
ӌSVÒ,46343,1,0
ӌSm,46344,1,0
ӌSӒ,46345,1,1
uSs,46361,1,1
uSs,46362,1,1
uSɏW@,46363,1,1
uS,46364,1,1
uSSR,46365,1,1
uSg,46366,1,0
uS㒬,46367,1,1
uS,46368,1,0
FSe,46381,1,1
FS,46382,1,1
FS,46383,1,0
FS{V钬,46384,1,1
FSߓc,46385,1,0
FSF,46386,1,0
FSV@,46387,1,0
FS,46388,1,0
FS㍙,46389,1,0
FS,46390,1,0
FS,46391,1,0
oSc,46401,1,0
oS쒬,46402,1,0
oS,46403,1,0
oS,46404,1,0
ɍSH,46421,1,0
ǌSؒ,46441,1,1
ǌSǒ,46442,1,1
ǌS,46443,1,1
ǌSaӒ,46444,1,1
ǌS쒬,46445,1,1
ǌSI쒬,46446,1,1
ǌSg,46447,1,1
ǌSq,46448,1,1
ǌS,46449,1,0
ǌSl,46450,1,1
ǌSR,46451,1,1
]S,46461,1,1
]SPk,46462,1,0
]S,46463,1,0
]Sg,46464,1,1
]SR,46465,1,1
]Suzu,46466,1,1
]SL,46467,1,1
]S蒬,46468,1,1
̑Sǒ,46481,1,0
̑Sǒ,46482,1,0
̑SVY,46483,1,0
̑SR,46484,1,1
̑Sᕽ,46485,1,1
̑S卪蒬,46486,1,1
̑S蒬,46487,1,0
̑Sc㒬,46488,1,0
̑S,46489,1,0
FьSq,46501,1,1
FьSq,46502,1,0
FьS㉮v,46503,1,1
FьSv,46504,1,1
哇Sa,46523,1,0
哇SF,46524,1,0
哇S˓,46525,1,0
哇SZp,46526,1,0
哇S,46527,1,0
哇S},46528,1,0
哇SE,46529,1,0
哇SV,46530,1,0
哇SV钬,46531,1,0
哇Sɐ咬,46532,1,0
哇Sa,46533,1,0
哇Sm,46534,1,0
哇S^_,46535,1,0
ߔes,47201,1,1
ΐs,47202,1,1
us,47203,1,1
Xps,47205,1,1
ǎs,47206,1,1
Ί_s,47207,1,1
YYs,47208,1,1
s,47209,1,1
s,47210,1,1
s,47211,1,1
Ls,47212,1,1
S,47301,1,0
SX,47302,1,0
S,47303,1,0
SAm,47306,1,0
S{,47308,1,1
S[,47311,1,0
SX,47313,1,0
S,47314,1,0
Sɍ],47315,1,0
S^ߏ钬,47322,1,1
SA,47323,1,1
SǒJ,47324,1,1
SÎ[,47325,1,1
SkJ,47326,1,1
Sk鑺,47327,1,1
S鑺,47328,1,1
S,47329,1,1
KSL鑺,47341,0,0
KS,47343,1,1
KSu,47344,1,1
KSʏ鑺,47345,1,1
KSmO,47346,1,1
KS~,47347,1,1
KS^ߌ,47348,1,1
KS嗢,47349,1,1
KS앗,47350,1,1
KS,47351,0,0
KSu쑺,47352,0,0
KSnÕ~,47353,1,0
KSԖ,47354,1,0
KS,47355,1,0
KSn쑺,47356,1,0
KS哌,47357,1,0
KSk哌,47358,1,0
KSɕ,47359,1,0
KSɐ,47360,1,0
KSvē,47361,1,0
{ÌSӒ,47371,1,1
{ÌSn,47372,1,1
{ÌS쑺,47373,1,1
{ÌSɗǕ,47374,1,0
{ÌSǊԑ,47375,1,0
dRS|x,47381,1,0
dRS^ߍ,47382,1,0
